region,age,bmi,expenses
northeast,39.26851851851852,29.176234567901236,13406.384691358024
northwest,39.21604938271605,29.221913580246913,12388.047716049383
southeast,38.93956043956044,33.35934065934066,14735.411538461538
southwest,39.45538461538462,30.596615384615383,12346.937907692307
