smoker,age,bmi,expenses
no,39.51647286821706,30.659302325581397,8452.626191860465
yes,38.74230769230769,30.819615384615386,32288.451461538465